trial_type,trial_index,button_pressed,subject,rt,block_num,block,prolific_PID,study_ID,session_ID
html-button-response,3,0.0,50303yjswuo92fo,8772.0,,,5ebeeb2d47d7182bb7855b52,5f5a55364e9b770ed21874ff,5f60d752196795054b70f2f6
html-button-response,3,0.0,bu5uxt5s13e01cg,49477.13500005193,,,5d5b1ca95d31e300163ddf44,5f5a55364e9b770ed21874ff,5f60d7c84e199105f3e991f3
html-button-response,3,0.0,f7pef121e494f23,27971.919999996317,,,5d3b01aaa1e2fc00184aacaf,5f5a55364e9b770ed21874ff,5f60d8b20ef802057d6f087f
html-button-response,3,0.0,mr7ebs5rbr1c53k,3297.994999215007,,,5f1f105f0d08f80a4388c3f8,5f5a55364e9b770ed21874ff,5f60d802d3c8f904f60dd1b9
html-button-response,3,0.0,p53ptvde1njwm1j,11658.669999999998,,,5f39969af06eda1376816f70,5f5a55364e9b770ed21874ff,5f60d79030a67d0598d60d12
html-button-response,3,0.0,s17m8vql4qbvgyh,3672.805000009248,,,5eefa9973c8aa108eca301dc,5f5a55364e9b770ed21874ff,5f60d6e709bc4d043a51d9a4
html-button-response,3,0.0,xy62lkd6js3teu3,2781.364999988,,,5bfbff5763fc010001526679,5f5a55364e9b770ed21874ff,5f60d7ae0ef802052beba70c
